group,rain,effect,ci_low,ci_high
Morning origin,light,-0.2895318143481756,-0.32224203879377783,-0.2552429160329556
Morning origin,heavy,-0.4917580828049941,-0.529758720545439,-0.4506865779761567
Morning destination,light,-0.2749585831289484,-0.3090197084581777,-0.2392184515054806
Morning destination,heavy,-0.4455306995244006,-0.49293023308509104,-0.39370038359733
Balanced,light,-0.2737285902082307,-0.3066376550548353,-0.23925756204335036
Balanced,heavy,-0.48469965056565595,-0.5171990873458241,-0.4500125348409272
Evening & weekend,light,-0.28721159804659,-0.32188233627848634,-0.2507682174638844
Evening & weekend,heavy,-0.4484777949319565,-0.491630118972299,-0.4016625413208881
Late-night residential,light,-0.28229246437396294,-0.3145212638358876,-0.24854838010456287
Late-night residential,heavy,-0.48971219377751724,-0.5248690942317944,-0.4519538888796509
Commute hours,light,-0.34152891847341776,-0.4064157537505739,-0.26954906915674226
Commute hours,heavy,-0.5561892068893081,-0.6169083348392663,-0.48584623996217835
Leisure hours,light,-0.39297440602689765,-0.46360982026546166,-0.31303725224656426
Leisure hours,heavy,-0.5430745938029393,-0.6099602606514156,-0.46471908945216883
Other hours,light,-0.25572633061639855,-0.28906281791944544,-0.22082666528058367
Other hours,heavy,-0.46353702225312043,-0.4994153842875833,-0.4250871531809432
