station,role,x,y,Nimi,Kapasiteet,name
1,Evening & weekend,24.9502114714031,60.155369615074,Kaivopuisto,30.0,Kaivopuisto
2,Balanced,24.9565097715858,60.1609890692806,Laivasillankatu,12.0,Laivasillankatu
3,Late-night residential,24.9450181631667,60.1581769029949,Kapteeninpuistikko,16.0,Kapteeninpuistikko
4,Late-night residential,24.9417758006418,60.1609858921764,Viiskulma,14.0,Viiskulma
5,Morning origin,24.9362853002102,60.157948291819,Sepänkatu,32.0,Sepänkatu
6,Balanced,24.9296476311878,60.1622283898112,Hietalahdentori,24.0,Hietalahdentori
7,Balanced,24.9459599998806,60.16310319166,Designmuseo,14.0,Designmuseo
8,Balanced,24.9391145483706,60.1653538465664,Vanha kirkkopuisto,24.0,Vanha kirkkopuisto
9,Morning destination,24.9441887601673,60.1668948711694,Erottajan aukio,44.0,Erottajan aukio
10,Morning destination,24.9494728793816,60.165017172741,Kasarmitori,28.0,Kasarmitori
11,Morning destination,24.9510226994024,60.1674572921424,Unioninkatu,22.0,Unioninkatu
12,Evening & weekend,24.9584922784237,60.1684959040351,Kanavaranta,34.0,Kanavaranta
13,Morning origin,24.9755284752387,60.1679190540567,Merisotilaantori,24.0,Merisotilaantori
14,Morning destination,24.9526414004662,60.1691277919118,Senaatintori,22.0,Senaatintori
15,Morning origin,24.9555218601895,60.1710906797301,Ritarikatu,12.0,Ritarikatu
16,Evening & weekend,24.9613746997628,60.1741821916183,Liisanpuistikko,16.0,Liisanpuistikko
17,Morning destination,24.9494967766807,60.1730909028646,Varsapuistikko,28.0,Varsapuistikko
18,Morning destination,24.9493081473109,60.1696567475916,Porthania,30.0,Porthania
19,Morning destination,24.9425267992462,60.1708235917114,Rautatientori / itä,20.0,Rautatientori / itä
20,Evening & weekend,24.9433556359399,60.1732349001278,Kaisaniemenpuisto,22.0,Kaisaniemenpuisto
21,Balanced,24.9393079129956,60.1721906837527,Töölönlahdenkatu,44.0,Töölönlahdenkatu
22,Morning destination,24.9397601000633,60.1706060919732,Rautatientori / länsi,16.0,Rautatientori / länsi
23,Morning destination,24.9374279000749,60.1712578922641,Kiasma,30.0,Kiasma
24,Morning destination,24.9394194995361,60.1690723919948,Mannerheimintie,20.0,Mannerheimintie
25,Balanced,24.9346069826026,60.1700420279259,Narinkka,40.0,Narinkka
26,Balanced,24.9305373005364,60.168609492141,Kamppi (M),32.0,Kamppi (M)
27,Balanced,24.9366415937527,60.1677057096398,Eerikinkatu,14.0,Eerikinkatu
28,Late-night residential,24.9270362659605,60.1657993006509,Lastenlehto,16.0,Lastenlehto
29,Balanced,24.9225706207902,60.1641173724871,Baana,16.0,Baana
30,Balanced,24.9145164996449,60.1635308918594,Itämerentori,40.0,Itämerentori
31,Balanced,24.9227415692015,60.1683228179992,Marian sairaala,16.0,Marian sairaala
32,Balanced,24.9318975121431,60.1713588986588,Eläinmuseo,20.0,Eläinmuseo
33,Balanced,24.923839759,60.171202903,Kauppakorkeakoulu,16.0,Kauppakorkeakoulu
34,Evening & weekend,24.9328983153441,60.173956898526,Kansallismuseo,16.0,Kansallismuseo
35,Balanced,24.9282685568484,60.1741008716685,Cygnaeuksenkatu,16.0,Cygnaeuksenkatu
36,Morning origin,24.9224632983339,60.1760927790452,Apollonkatu,20.0,Apollonkatu
37,Morning origin,24.9283525094474,60.1775346191328,Töölönkatu,18.0,Töölönkatu
38,Morning origin,24.9249700522851,60.1791005171717,Töölöntori,16.0,Töölöntori
39,Evening & weekend,24.9266869997467,60.182552891987,Ooppera,24.0,Ooppera
40,Balanced,24.9522579797678,60.1780816347447,Hakaniemi (M),28.0,Hakaniemi (M)
41,Morning origin,24.949399999845,60.1808629918822,Ympyrätalo,36.0,Ympyrätalo
42,Late-night residential,24.9551952848707,60.1831601093456,Haapaniemenkatu,18.0,Haapaniemenkatu
43,Late-night residential,24.9526762998375,60.18428329212,Karhupuisto,24.0,Karhupuisto
44,Late-night residential,24.960554135,60.187712639,Sörnäinen (M),22.0,Sörnäinen (M)
45,Late-night residential,24.9508131529517,60.1867902883311,Brahen kenttä,20.0,Brahen kenttä
46,Late-night residential,24.9435409604638,60.1869040535812,Diakoniapuisto,16.0,Diakoniapuisto
47,Morning destination,24.9535685411145,60.1652833427097,Vanha Kauppahalli,22.0,Vanha Kauppahalli
48,Balanced,24.9674668165293,60.1647464973781,Mastokatu,22.0,Mastokatu
49,Late-night residential,24.9417379007102,60.1634749245163,Annankatu,16.0,Annankatu
50,Morning origin,24.8861093999757,60.1498126916296,Melkonkuja,12.0,Melkonkuja
51,Morning origin,24.8812501991249,60.1506599919369,Itälahdenkatu,12.0,Itälahdenkatu
52,Morning origin,24.879315899385,60.1540762917607,Heikkilänaukio,20.0,Heikkilänaukio
53,Morning origin,24.8850653001728,60.1568169919509,Heikkiläntie,12.0,Heikkiläntie
54,Balanced,24.8766657996794,60.1583841916575,Gyldenintie,36.0,Gyldenintie
55,Morning origin,24.8620200832623,60.1578749328793,Puistokaari,16.0,Puistokaari
56,Morning origin,24.8603118531172,60.1653590878524,Luoteisväylä,12.0,Luoteisväylä
57,Morning origin,24.8828103623042,60.1604153459526,Lauttasaaren ostoskeskus,26.0,Lauttasaaren ostoskeskus
58,Morning origin,24.8899154000946,60.1611858173089,Lauttasaarensilta,20.0,Lauttasaarensilta
59,Morning destination,24.9009334858186,60.164784170294,Salmisaarenranta,28.0,Salmisaarenranta
60,Morning destination,24.90279681,60.161252848,Kaapelitehdas,26.0,Kaapelitehdas
61,Morning origin,24.9096920006591,60.158927591706,Länsisatamankatu,16.0,Länsisatamankatu
62,Morning origin,24.9162412896547,60.1592963414953,Välimerenkatu,16.0,Välimerenkatu
63,Balanced,24.9214896008223,60.1619310923994,Jätkäsaarenlaituri,24.0,Jätkäsaarenlaituri
64,Balanced,24.9203435489542,60.1568077714966,Tyynenmerenkatu,20.0,Tyynenmerenkatu
65,Evening & weekend,24.9311978237832,60.1535144787873,Hernesaarenranta,40.0,Hernesaarenranta
66,Evening & weekend,24.9592122677265,60.1552178275344,Ehrenströmintie,20.0,Ehrenströmintie
67,Balanced,24.9340656851355,60.160087584362,Perämiehenkatu,16.0,Perämiehenkatu
68,Morning origin,24.9368050446952,60.1618574790512,Albertinkatu,20.0,Albertinkatu
69,Balanced,24.9314215703651,60.1656801793916,Kalevankatu,16.0,Kalevankatu
70,Late-night residential,24.9224112000483,60.1731472920894,Sammonpuistikko,14.0,Sammonpuistikko
71,Evening & weekend,24.9076704246974,60.1733331469852,Hietaniemenkatu,24.0,Hietaniemenkatu
72,Evening & weekend,24.9155261617436,60.1755926611589,Eteläinen Hesperiankatu,18.0,Eteläinen Hesperiankatu
73,Evening & weekend,24.91325039954,60.1792966924742,Kesäkatu,14.0,Kesäkatu
74,Evening & weekend,24.9110579020192,60.1831258058734,Rajasaarentie,16.0,Rajasaarentie
75,Morning origin,24.919883700552,60.1838636970684,Korjaamo,20.0,Korjaamo
76,Evening & weekend,24.924961245284,60.1844935075188,Olympiastadion,20.0,Olympiastadion
77,Morning origin,24.9172924251712,60.1852461094041,Nordenskiöldinaukio,16.0,Nordenskiöldinaukio
78,Late-night residential,24.9180102002596,60.1878351921237,Messeniuksenkatu,20.0,Messeniuksenkatu
79,Balanced,24.9292125301786,60.1892523422817,Uimastadion,18.0,Uimastadion
80,Evening & weekend,24.9204971353408,60.1893228039601,Jäähalli,22.0,Jäähalli
81,Balanced,24.9123717007068,60.1883090916703,Stenbäckinkatu,18.0,Stenbäckinkatu
82,Balanced,24.912893019047,60.1909233737999,Töölöntulli,16.0,Töölöntulli
83,Balanced,24.9083351006824,60.1902194919139,Meilahden sairaala,28.0,Meilahden sairaala
84,Balanced,24.8999261202594,60.1912061418589,Paciuksenkatu,14.0,Paciuksenkatu
85,Morning origin,24.9057885671904,60.1934470268502,Jalavatie,16.0,Jalavatie
86,Late-night residential,24.9018996998812,60.1952451922329,Kuusitie,24.0,Kuusitie
87,Late-night residential,24.9559903941467,60.1882073042861,Kustaankatu,20.0,Kustaankatu
88,Morning origin,24.9012350212612,60.1990120683446,Kiskontie,20.0,Kiskontie
89,Morning origin,24.8992505554038,60.1975748220279,Tilkanvierto,16.0,Tilkanvierto
90,Balanced,24.8911179001253,60.1944474917836,Paciuksenkaari,20.0,Paciuksenkaari
91,Evening & weekend,24.8847643214706,60.1884345423222,Seurasaari,22.0,Seurasaari
92,Evening & weekend,24.8791652000743,60.1926665197597,Saunalahdentie,8.0,Saunalahdentie
93,Evening & weekend,24.8713963007609,60.1948357920888,Torpanranta,16.0,Torpanranta
94,Morning origin,24.8763012644261,60.1978706012264,Laajalahden aukio,20.0,Laajalahden aukio
95,Balanced,24.8840193884533,60.1967237851281,Munkkiniemen aukio,18.0,Munkkiniemen aukio
96,Morning origin,24.8835764865762,60.199732919393,Huopalahdentie,20.0,Huopalahdentie
98,Morning origin,24.8708784784714,60.2038687140902,Ulvilantie,12.0,Ulvilantie
99,Late-night residential,24.8559544008311,60.207119292,Muusantori,12.0,Muusantori
100,Morning origin,24.8686567195812,60.209690428765,Teljäntie,12.0,Teljäntie
101,Balanced,24.8798066035013,60.2059834138688,Munkkivuoren ostoskeskus,24.0,Munkkivuoren ostoskeskus
103,Morning origin,24.8895209008125,60.2089249922173,Vihdintie,16.0,Korppaantie
104,Morning origin,24.8916816998729,60.2056784923064,Kriikunakuja,16.0,Kriikunakuja
105,Morning origin,24.8933660254613,60.2027828953059,Tilkantori,16.0,Tilkantori
106,Balanced,24.898929699376,60.2034734922503,Korppaanmäentie,16.0,Korppaanmäentie
107,Morning origin,24.9054367957033,60.202377405156,Tenholantie,18.0,Tenholantie
108,Balanced,24.9182184498931,60.2050064264488,Radiokatu,12.0,Radiokatu
109,Balanced,24.9223311437335,60.2026940388763,Hertanmäenkatu,20.0,Hertanmäenkatu
110,Balanced,24.9248733985577,60.1991509808314,Maistraatintori,20.0,Maistraatintori
111,Balanced,24.9267808000548,60.1975723919044,Esterinportti,20.0,Esterinportti
112,Balanced,24.9332721002285,60.2014381920031,Rautatieläisenkatu,22.0,Rautatieläisenkatu
113,Balanced,24.932799079033,60.1982108580315,Pasilan asema,40.0,Pasilan asema
114,Balanced,24.9366332542312,60.1964208157658,Ratapihantie,20.0,Ratapihantie
115,Late-night residential,24.9415225602343,60.1941915204257,Venttiilikuja,16.0,Venttiilikuja
116,Evening & weekend,24.9401592995968,60.1911410923558,Linnanmäki,32.0,Linnanmäki
117,Late-night residential,24.9481257001872,60.1896657985504,Brahen puistikko,12.0,Brahen puistikko
118,Late-night residential,24.952206700403,60.1895253157117,Fleminginkatu,22.0,Fleminginkatu
119,Balanced,24.9550767908172,60.1911804709255,Gebhardinaukio,20.0,Gebhardinaukio
120,Balanced,24.9633904702172,60.1896359907606,Mäkelänkatu,28.0,Mäkelänkatu
121,Evening & weekend,24.967854123638,60.1864553029206,Vilhonvuorenkatu,16.0,Vilhonvuorenkatu
122,Balanced,24.962063375375,60.1836809119419,Lintulahdenkatu,24.0,Lintulahdenkatu
123,Morning origin,24.9554449266327,60.179750209022,Näkinsilta,24.0,Näkinsilta
124,Evening & weekend,24.9817926053222,60.1826518123339,Isoisänsilta,18.0,Isoisänsilta
125,Evening & weekend,24.9797385551711,60.1859217406831,Arielinkatu,16.0,Arielinkatu
126,Balanced,24.977153892421,60.1875308427268,Kalasatama (M),24.0,Kalasatama (M)
127,Balanced,24.9711566503401,60.1896945837642,Teurastamo,30.0,Teurastamo
128,Late-night residential,24.9642238002852,60.1920575919922,Päijänteentie,14.0,Päijänteentie
129,Late-night residential,24.9579782365195,60.1942276026523,Pernajantie,20.0,Pernajantie
130,Balanced,24.9487523997729,60.1934740103444,Teollisuuskatu,24.0,Teollisuuskatu
131,Balanced,24.9476290451587,60.1962195625714,Elimäenkatu,24.0,Elimäenkatu
132,Balanced,24.9546058093258,60.1958861886173,Hollolantie,12.0,Urhea-kampus
133,Late-night residential,24.9614401060515,60.1974798068335,Paavalinpuisto,22.0,Paavalinpuisto
134,Balanced,24.9676238234156,60.1985338962222,Haukilahdenkatu,26.0,Haukilahdenkatu
135,Evening & weekend,24.9441912064593,60.2010022969661,Velodrominrinne,12.0,Velodrominrinne
136,Morning origin,24.9513635992833,60.2032720921502,Sofianlehdonkatu,12.0,Sofianlehdonkatu
137,Balanced,24.9665718240118,60.2027696318957,Arabian kauppakeskus,30.0,Arabian kauppakeskus
138,Morning origin,24.9770790121958,60.2064915569171,Arabiankatu,22.0,Arabiankatu
139,Morning origin,24.9797040460124,60.2097104145027,Muotoilijankatu,16.0,Muotoilijankatu
140,Evening & weekend,24.9797491905267,60.2136895158892,Verkatehtaanpuisto,14.0,Verkatehtaanpuisto
141,Morning origin,24.9676246411057,60.207840227695,Intiankatu,16.0,Intiankatu
142,Late-night residential,24.946677279,60.207839984,Koskelantie,14.0,Koskelantie
143,Morning origin,24.8694297861453,60.1570959878378,Kuikkarinne,12.0,Kuikkarinne
144,Morning origin,24.9588108000086,60.2139042918024,Käpyläntie,14.0,Käpyläntie
145,Late-night residential,24.9437964005667,60.2134209918355,Pohjolankatu,12.0,Pohjolankatu
146,Evening & weekend,24.9543597785941,60.2171787502601,Pohjolanaukio,16.0,Pohjolanaukio
147,Balanced,24.9479499152249,60.2208033078251,Käpylän asema,14.0,Käpylän asema
148,Morning origin,24.9664522586218,60.2185249019981,Juhana Herttuan tie,16.0,Juhana Herttuan tie
149,Morning origin,24.9445685112105,60.1830009926511,Toinen linja,22.0,Toinen linja
150,Morning destination,24.9350784201451,60.1748578219656,Töölönlahden puisto,24.0,Töölönlahden puisto
161,Morning destination,24.9471504600595,60.1671998456303,Eteläesplanadi,34.0,Eteläesplanadi
162,Balanced,24.9265784464228,60.1695846151592,Leppäsuonaukio,28.0,Leppäsuonaukio
163,Morning origin,24.8505039451831,60.1819482497591,Lehtisaarentie,12.0,Lehtisaarentie
200,Evening & weekend,24.9152135431213,60.1504730320499,Länsiterminaali,24.0,Länsiterminaali
201,Morning origin,24.9120898275496,60.1569514968019,Länsisatamankuja,14.0,Länsisatamankuja
202,Late-night residential,24.9585285446676,60.1780749105533,Merihaka,16.0,Merihaka
203,Balanced,24.9381525773313,60.1992657652357,Opastinsilta,40.0,Opastinsilta
204,Balanced,24.9620788508104,60.2055418168461,A.I. Virtasen aukio,24.0,A.I. Virtasen aukio
205,Morning destination,24.9222198886664,60.2066264297482,Ilmalan asema,16.0,Ilmalan asema
206,Balanced,24.8986678907757,60.2076799515229,Ruskeasuon varikko,14.0,Ruskeasuon varikko
207,Balanced,24.8816602535719,60.2110752881999,Vanha Viertotie,16.0,Vanha Viertotie
208,Morning destination,24.8765290693421,60.2159693222985,Valimotie,24.0,Valimotie
209,Balanced,24.8710464686467,60.2178996244041,Takomotie,14.0,Takomotie
210,Morning origin,24.8556743832861,60.2188213176358,Pajamäki,12.0,Pajamäki
211,Morning origin,24.898930057033,60.2121115807155,Haagan tori,16.0,Haagan tori
212,Morning origin,24.8995694064157,60.2166149334764,Tunnelitie,14.0,Tunnelitie
213,Balanced,24.8950577369046,60.2180961357994,Huopalahden asema,20.0,Huopalahden asema
214,Morning destination,24.8758443985049,60.2223022514537,Valimon asema,20.0,Valimon asema
215,Balanced,24.8586292857926,60.2243090934475,Pitäjänmäen asema,16.0,Pitäjänmäen asema
216,Morning origin,24.8535714902996,60.2267575847976,Jännetie,12.0,Jännetie
217,Evening & weekend,24.8732133049419,60.2271498086552,Marttila,16.0,Marttila
218,Balanced,24.8830806372706,60.2300717042706,Pohjois-Haagan asema,16.0,Pohjois-Haagan asema
219,Morning destination,24.887547040742,60.2328640962858,Näyttelijäntie,16.0,Näyttelijäntie
220,Late-night residential,24.8952023541771,60.2295326765972,Ida Aalbergin tie,18.0,Ida Aalbergin tie
221,Morning origin,24.8947958642764,60.2253423108921,Thalianaukio,14.0,Thalianaukio
222,Balanced,24.9032866466572,60.2219755272546,Huovitie,12.0,Huovitie
223,Evening & weekend,24.9028322456731,60.2274510674778,Hämeenlinnanväylä,14.0,Hämeenlinnanväylä
224,Morning origin,24.9266153826484,60.2279595153713,Vesakkotie,12.0,Vesakkotie
225,Balanced,24.9325030021006,60.2303828796011,Maunula,16.0,Maunula
226,Evening & weekend,24.9286046557082,60.2390854029504,Lepolantie,14.0,Lepolantie
227,Morning origin,24.9525612440734,60.2244037765729,Kylävoudintie,14.0,Kylävoudintie
228,Morning origin,24.9487651621964,60.2307028618145,Kustaankartano,20.0,Kustaankartano
229,Evening & weekend,24.957934116941,60.2332319429452,Käskynhaltijantie,18.0,Käskynhaltijantie
230,Evening & weekend,24.9603356197765,60.2285300629765,Mäkitorpantie,18.0,Mäkitorpantie
231,Evening & weekend,24.9649692401006,60.2337172192606,Siltavoudintie,16.0,Siltavoudintie
232,Evening & weekend,24.9667185624345,60.2291001546027,Oulunkylän asema,14.0,Oulunkylän asema
233,Late-night residential,24.9728193757834,60.2249303574235,Kirkkoherrantie,10.0,Kirkkoherrantie
234,Morning origin,24.9781389181685,60.2317840575086,Otto Brandtin tie,20.0,Otto Brandtin tie
235,Morning origin,24.9844208812225,60.2172068185826,Katariina Saksilaisen katu,16.0,Katariina Saksilaisen katu
236,Morning origin,24.9886129703087,60.2242412608413,Hernepellontie,14.0,Hernepellontie
237,Late-night residential,24.9985804201601,60.2302596315427,Aulangontie,16.0,Aulangontie
238,Morning origin,25.0103139042596,60.2345785634218,Pihlajamäki,16.0,Pihlajamäki
239,Morning destination,25.0100484016428,60.2275394155784,Viikin tiedepuisto,28.0,Viikin tiedepuisto
240,Morning origin,25.0275940265593,60.2274649666156,Viikin normaalikoulu,20.0,Viikin normaalikoulu
241,Morning origin,25.0328574018929,60.2340530021105,Agronominkatu,24.0,Agronominkatu
242,Morning origin,25.0436178847114,60.2303443513437,Von Daehnin katu,14.0,Von Daehnin katu
243,Evening & weekend,24.992105405271,60.181844391759,Mustikkamaa,20.0,Mustikkamaa
244,Morning origin,25.0058079125449,60.1858547331594,Relanderinaukio,16.0,Relanderinaukio
245,Evening & weekend,25.0064636871854,60.1889293103178,Kulosaari (M),20.0,Kulosaari (M)
246,Morning origin,25.0153289779219,60.1878871226314,Tupasaarentie,12.0,Tupasaarentie
247,Morning origin,25.0208609553502,60.1688685506822,Haakoninlahdenkatu,16.0,Haakoninlahdenkatu
248,Morning origin,25.0330122371046,60.1719938510831,Gunillantie,16.0,Gunillantie
249,Evening & weekend,25.0450147987503,60.1755054994249,Isosaarentie,14.0,Isosaarentie
250,Morning origin,25.0474962642387,60.1677304952092,Reiherintie,12.0,Reiherintie
251,Balanced,25.0519120121374,60.1800091502319,Laajasalon ostoskeskus,16.0,Laajasalon ostoskeskus
252,Morning origin,25.0530603555751,60.1837062881609,Humalniementie,14.0,Humalniementie
253,Morning origin,25.0610604378889,60.1916636460758,Tammisalon aukio,20.0,Tammisalon aukio
254,Morning origin,25.0365006704009,60.1872113457581,Agnetankuja,16.0,Agnetankuja
255,Morning origin,25.0313242435422,60.1879616899796,Laivalahden puistotie,16.0,Laivalahden puistotie
256,Late-night residential,25.0261074895481,60.1902241178364,Herttoniemenranta,14.0,Herttoniemenranta
257,Late-night residential,25.0372267110383,60.1910267485051,Margareetankuja,14.0,Margareetankuja
258,Late-night residential,25.0426533906378,60.1927661994999,Abraham Wetterin tie,16.0,Abraham Wetterin tie
259,Evening & weekend,25.0310806077186,60.1931499986426,Petter Wetterin tie,20.0,Petter Wetterin tie
260,Evening & weekend,25.0289074357313,60.1946246004701,Herttoniemi (M),24.0,Herttoniemi (M)
261,Morning destination,25.0424582865295,60.1991534842401,Asentajanpuisto,16.0,Asentajanpuisto
262,Balanced,25.0451499077688,60.2059412826664,Siilitie (M),22.0,Siilitie (M)
263,Morning origin,25.0322254160118,60.1984720937284,Herttoniemen kirkko,16.0,Herttoniemen kirkko
264,Morning origin,25.0336255327162,60.2045796219055,Eränkävijäntori,16.0,Eränkävijäntori
265,Morning origin,25.0375268074421,60.209453145538,Siilitie 9,16.0,Siilitie 9
266,Morning origin,25.0438403800837,60.2150936967815,Siilitie 13,14.0,Siilitie 13
267,Evening & weekend,25.0550878014734,60.2093671231044,Roihupelto,16.0,Roihupelto
268,Balanced,25.0535809447117,60.1955233353498,Porolahden koulu,14.0,Porolahden koulu
269,Morning origin,25.0585469211702,60.1987082869369,Peukaloisentie,12.0,Peukaloisentie
270,Late-night residential,25.0600755207072,60.2020741769704,Tulisuontie,16.0,Tulisuontie
271,Morning origin,25.059863346683,60.2062943134753,Prinsessantie,16.0,Prinsessantie
272,Late-night residential,25.076069360708,60.2043248841061,Marjaniementie,16.0,Marjaniementie
274,Evening & weekend,25.0867813029403,60.2090159546746,Voikukantie,16.0,Voikukantie
275,Balanced,25.0759744433382,60.2096186210914,Itäkeskus (M),28.0,Itäkeskus (M)
276,Evening & weekend,25.0824161004374,60.2125560259595,Puotinharju,24.0,Puotinharju
277,Morning origin,25.0863443649103,60.2036199297435,Marjaniemi,14.0,Marjaniemi
278,Late-night residential,25.1004180257133,60.2090787864561,Puotilantie,14.0,Puotilantie
279,Evening & weekend,25.1062099916086,60.2125374414988,Puotinkylän kartano,16.0,Puotinkylän kartano
280,Late-night residential,25.0955595128971,60.2127005636951,Puotilan ostoskeskus,14.0,Puotilan ostoskeskus
281,Evening & weekend,25.0910915854205,60.2148242972699,Puotila (M),20.0,Puotila (M)
282,Morning origin,25.1022019197012,60.2187064270041,Karhulantie,12.0,Karhulantie
283,Evening & weekend,25.0772822325582,60.2198397844715,Alakiventie,14.0,Alakiventie
284,Balanced,25.0753901685843,60.2240882550803,Myllypuro (M),28.0,Myllypuro (M)
285,Morning origin,25.0654178214231,60.22354882948,Orpaanporras,14.0,Orpaanporras
286,Morning origin,25.0591030723076,60.2182457763173,Mamsellimyllynkatu,16.0,Mamsellimyllynkatu
290,Morning origin,24.9628231422149,60.1952459460233,Vallilan varikko,20.0,Vallilan varikko
291,Morning destination,25.0657818190343,60.2114607347613,Itäkeskus Metrovarikko,16.0,Itäkeskus Metrovarikko
292,Late-night residential,24.9698571193553,60.2125872907979,Koskelan varikko,16.0,Koskelan varikko
293,Morning destination,24.9825269338023,60.1799061320186,Korkeasaari,16.0,Korkeasaari
294,Balanced,24.9337369553808,60.2203012590912,Postipuisto,18.0,Postipuisto
301,Evening & weekend,25.1593463483962,60.202773395376,Aurinkotuulenkatu,30.0,Aurinkotuulenkatu
302,Late-night residential,25.1584093750563,60.2054467315293,Sumukuja,18.0,Sumukuja
303,Morning origin,25.1515462608624,60.2046812958719,Leikosaarentie,16.0,Leikosaarentie
304,Evening & weekend,25.1501135293384,60.2011360782064,Aurinkolahdenaukio,24.0,Aurinkolahdenaukio
305,Morning origin,25.1430402936212,60.202124196154,Kalkkihiekantie,16.0,Kalkkihiekantie
306,Morning destination,25.1455043565057,60.2063719022092,Kauppakeskus Columbus,20.0,Kauppakeskus Columbus
307,Morning destination,25.1410458716813,60.2066160428581,Ulappasilta,18.0,Ulappasilta
308,Balanced,25.143852587603,60.2079753561922,Mosaiikkitori,24.0,Mosaiikkitori
309,Late-night residential,25.1359993335263,60.2044047701442,Kaivonkatsojanpuisto,18.0,Kaivonkatsojanpuisto
310,Morning origin,25.1279098203443,60.2023869312805,Halkaisijantie,18.0,Halkaisijantie
311,Late-night residential,25.1199060794359,60.1995636503578,Ramsinniementie,18.0,Ramsinniementie
312,Balanced,25.1194224144705,60.2041542257304,Meri-Rastilan tori,16.0,Meri-Rastilan tori
313,Balanced,25.1201408621083,60.2055354689175,Rastila (M),16.0,Rastila (M)
314,Morning origin,25.1365036011866,60.2095580685415,Lokitie,18.0,Lokitie
315,Evening & weekend,25.1534645734222,60.2122976062757,Vuosaaren liikuntapuisto,18.0,Vuosaaren liikuntapuisto
316,Balanced,25.1467500568672,60.2140014852962,Punakiventie,16.0,Punakiventie
317,Morning origin,25.146787178183,60.2187766341847,Haapasaarentie,18.0,Haapasaarentie
318,Morning origin,25.1410953624725,60.221320897051,Vuosaaren puistopolku,14.0,Vuosaaren puistopolku
319,Late-night residential,25.1338286912921,60.2196483224979,Purjetie,18.0,Purjetie
320,Late-night residential,25.1342325127583,60.213980722047,Koukkusaarentie,16.0,Koukkusaarentie
321,Late-night residential,25.110914414719,60.2208894708644,Vartioharjuntie,14.0,Vartioharjuntie
322,Late-night residential,25.1275969785102,60.2312813452731,Rukatunturintie,14.0,Rukatunturintie
323,Morning origin,25.118300016596,60.2367409143469,Sallatunturintie,16.0,Sallatunturintie
324,Morning origin,25.1110602327979,60.2329614527257,Sinkilätie,16.0,Sinkilätie
325,Evening & weekend,25.1098747367064,60.2385353540219,Mellunmäki (M),20.0,Mellunmäki (M)
326,Late-night residential,25.1007232150956,60.2388442456374,Tuukkalantie,16.0,Tuukkalantie
327,Balanced,25.0900641525363,60.2298249948271,Humikkalankuja,16.0,Humikkalankuja
328,Balanced,25.082971174464,60.2235265780465,Lallukankuja,12.0,Lallukankuja
329,Late-night residential,25.0716416497357,60.2282903943644,Kurkimäki,16.0,Kurkimäki
330,Balanced,25.0826095549619,60.2360953526154,Kontula (M),20.0,Kontula (M)
331,Balanced,25.0855297731565,60.240913939764,Lettopolku,16.0,Lettopolku
332,Morning origin,25.076226580763,60.2438416352054,Kontulankaari,16.0,Kontulankaari
333,Late-night residential,25.0746433427518,60.2399042915928,Kivikonkaari,14.0,Kivikonkaari
334,Late-night residential,25.0668572558023,60.2391310073666,Varustuksentie,14.0,Varustuksentie
335,Morning origin,25.0626083649392,60.2331943880568,Kurkimäentie,16.0,Kurkimäentie
336,Late-night residential,25.0549152254879,60.230462178329,Kivikonlaita,16.0,Kivikonlaita
338,Morning origin,25.0743775866131,60.2537712252939,Jakomäentie,16.0,Jakomäentie
339,Morning origin,25.0648942053969,60.259431119227,Alppikylä,14.0,Alppikylä
340,Balanced,25.0759055985793,60.2610194104155,Jakomäki,16.0,Jakomäki
341,Balanced,25.0727127107009,60.2701965544061,Heikinlaakso,16.0,Heikinlaakso
343,Evening & weekend,25.0458546004102,60.2743699271658,Puistolantori,12.0,Koetilankuja
344,Morning destination,25.0343501212405,60.2751896029642,Puistolan asema,16.0,Puistolan asema
345,Evening & weekend,25.032655333,60.27189034,Porvarintie,16.0,Kruunuvuorenrannan lautta
346,Morning origin,25.0246919817259,60.2762367892689,Maatullinkuja,18.0,Maatullinkuja
348,Balanced,24.9893966166804,60.2744670938261,Siltamäki,12.0,Siltamäki
349,Morning origin,25.0039702918602,60.2719623839468,Töyrynummentie,16.0,Postiljooninkatu
350,Morning origin,24.9929902179008,60.2671467662216,Töyrynummi,14.0,Töyrynummi
351,Morning origin,25.0135723691851,60.2675063004499,Kotinummentie,16.0,Kotinummentie
352,Evening & weekend,25.0281239739891,60.2633039538104,Tapanilan asema,12.0,Tapanilan asema
353,Balanced,25.0368876017095,60.2632142978322,Helluntairaitti,20.0,Helluntairaitti
354,Late-night residential,25.0290905800296,60.25909156602,Saniaiskuja,16.0,Saniaiskuja
355,Morning origin,25.0176577469294,60.2609068068142,Halmetie,16.0,Halmetie
356,Morning origin,25.0033102423416,60.2608846521727,Laulurastaantie,14.0,Laulurastaantie
357,Late-night residential,24.9897538768656,60.2596990442275,Vanha Tapanilantie,16.0,Vanha Tapanilantie
358,Balanced,24.9986055764439,60.256671174374,Syystie,18.0,Syystie
359,Morning destination,25.0028280196256,60.2541586216461,Malmin sairaala,16.0,Malmin sairaala
360,Morning destination,25.0091215694658,60.2523255258372,Malmin asema,24.0,Malmin asema
361,Morning origin,25.0131080169475,60.2575633298897,Huhtakuja,16.0,Huhtakuja
362,Late-night residential,25.0214900833646,60.2533940877891,Teerisuontie,14.0,Teerisuontie
363,Balanced,25.0297267023462,60.2426928298539,Väärämäentie,12.0,Väärämäentie
364,Evening & weekend,25.0132371443462,60.2503063500603,Ala-Malmin tori,20.0,Ala-Malmin tori
365,Balanced,25.0078604417066,60.2468453049551,Karviaistie,16.0,Karviaistie
366,Balanced,25.0039930501515,60.2498265610789,Tilketori,20.0,Tilketori
367,Morning origin,24.9870649315623,60.2517795830055,Karhusuontie,14.0,Karhusuontie
368,Morning origin,24.9917239060614,60.2477323351629,Pukinmäen liikuntapuisto,14.0,Pukinmäen liikuntapuisto
369,Evening & weekend,24.9939952300621,60.2430864481668,Pukinmäen asema,16.0,Pukinmäen asema
370,Morning origin,25.0013676173171,60.2393196827549,Rapakiventie,16.0,Rapakiventie
371,Balanced,24.9913872585832,60.2404948542171,Savela,14.0,Savela
372,Morning origin,24.9833214791834,60.2452177923159,Jokipellontie,16.0,Jokipellontie
373,Balanced,24.9715442521575,60.2355666358133,Mikkolantie,16.0,Mikkolantie
374,Late-night residential,24.95944937493,60.2419862673955,Etupellonpuisto,18.0,Etupellonpuisto
375,Morning origin,24.9581440446396,60.2488559062646,Piikintie,12.0,Piikintie
376,Late-night residential,24.9447682689237,60.2568807091704,Torpparinmäentie,14.0,Torpparinmäentie
377,Evening & weekend,24.9183008944604,60.2552356088463,Paloheinän maja,20.0,Paloheinän maja
378,Evening & weekend,24.9238580658345,60.2469918098113,Paloheinäntie,16.0,Paloheinäntie
379,Balanced,24.9416682057603,60.2495097085073,Paloheinän kirjasto,18.0,Paloheinän kirjasto
380,Evening & weekend,24.9097508532821,60.232734803775,Pirkkolan liikuntapuisto,14.0,Pirkkolan liikuntapuisto
381,Late-night residential,24.8989998259643,60.2444085812279,Maununneva,14.0,Maununneva
382,Morning origin,24.8970699007855,60.252967146995,Hakuninmaa,16.0,Hakuninmaa
383,Late-night residential,24.892757395895,60.259256054776,Kuninkaantammi,20.0,Kuninkaantammi
384,Balanced,24.8841075429141,60.2528066323977,Kalannintie,14.0,Kalannintie
385,Morning origin,24.8861026255016,60.2432353029777,Pajupillintie,16.0,Pajupillintie
386,Balanced,24.8788004950615,60.2437463425961,Kannelmäen liikuntapuisto,16.0,Kannelmäen liikuntapuisto
387,Evening & weekend,24.8894796721591,60.2363305501839,Kauppakeskus Kaari,16.0,Kauppakeskus Kaari
388,Morning origin,24.8814517125501,60.2378065223104,Kaustisentie,16.0,Kaustisentie
389,Balanced,24.8766472489767,60.2393459909658,Kannelmäen asema,20.0,Kannelmäen asema
390,Morning origin,24.869109999497,60.2391561100934,Trumpettikuja,16.0,Trumpettikuja
391,Morning origin,24.8677110166808,60.245908525041,Tollinpolku,12.0,Tollinpolku
392,Morning origin,24.8572979635334,60.2432334444678,Viljelijäntie,16.0,Viljelijäntie
393,Morning destination,24.8631156423813,60.2478178576762,Malminkartanon asema,20.0,Malminkartanon asema
394,Evening & weekend,24.8574322593556,60.2515646859168,Tuohipolku,12.0,Tuohipolku
395,Late-night residential,24.8465809743929,60.255557476007,Honkasuo,16.0,Honkasuo
396,Evening & weekend,24.8486486878388,60.2504077926351,Malminkartanonhuippu,12.0,Malminkartanonhuippu
397,Evening & weekend,24.8475860266275,60.2447437736882,Hankasuontie,16.0,Hankasuontie
398,Evening & weekend,24.8512905063639,60.2388821009165,Ajomiehentie,20.0,Ajomiehentie
399,Morning origin,24.846165047021,60.2324510345281,Vähäntuvantie,14.0,Vähäntuvantie
400,Balanced,24.8567965996401,60.1845083389847,Kuusisaari,16.0,Kuusisaari
401,Evening & weekend,24.8551642686834,60.1633863116225,Koivusaari (M),16.0,Koivusaari (M)
402,Morning origin,24.9101421129463,60.1549042600429,Bermudankuja,16.0,Bermudankuja
403,Balanced,24.9775480765957,60.1895561753156,Verkkosaari,20.0,Verkkosaari
404,Morning origin,24.9760758238593,60.1829308185667,Sompasaari,14.0,Sompasaari
405,Evening & weekend,25.0616678668253,60.1644074899774,Jollas,16.0,Jollas
501,Evening & weekend,24.840319,60.16582,Hanasaari,10.0,Hanasaari
503,Morning destination,24.827467,60.171524,Keilalahti,28.0,Keilalahti
505,Evening & weekend,24.805758,60.168266,Westendinasema,16.0,Westendinasema
507,Morning origin,24.796136,60.168143,Golfpolku,16.0,Golfpolku
509,Morning destination,24.802938,60.171551,Revontulentie,30.0,Revontulentie
511,Late-night residential,24.810688,60.173424,Sateentie,18.0,Sateentie
513,Morning origin,24.79139,60.173567,Hakalehto,24.0,Hakalehto
515,Morning origin,24.792559,60.175769,Oravannahkatori,16.0,Oravannahkatori
517,Balanced,24.802049,60.175358,Länsituuli,24.0,Länsituuli
518,Balanced,24.806051,60.174144,Tuulimäki,18.0,Tuulimäki
519,Evening & weekend,24.805825,60.176168,Tapionaukio,26.0,Tapionaukio
521,Evening & weekend,24.803942,60.177588,Kulttuuriaukio,30.0,Kulttuuriaukio
523,Balanced,24.797984,60.17875,Ahertajantie,20.0,Ahertajantie
525,Morning origin,24.810974,60.178702,Mäntyviita,10.0,Mäntyviita
527,Morning origin,24.817423,60.178655,Otsolahti,18.0,Otsolahti
529,Morning destination,24.82895,60.175233,Keilaniemi (M),40.0,Keilaniemi (M)
531,Morning destination,24.835132,60.178762,Keilaranta,24.0,Keilaranta
532,Morning destination,24.831804,60.180027,Betonimies,16.0,Betonimies
533,Morning destination,24.824747,60.180806,Tekniikantie,18.0,Tekniikantie
537,Morning destination,24.81422,60.185096,Innopoli,20.0,Innopoli
538,Morning destination,24.817403,60.18363,Hagalundinpuisto,14.0,Hagalundinpuisto
539,Morning destination,24.820099,60.184987,"Aalto-yliopisto (M), Tietot",20.0,"Aalto-yliopisto (M), Tietotie"
541,Morning destination,24.826671,60.184312,"Aalto-yliopisto (M), Korkea",42.0,"Aalto-yliopisto (M), Korkeakouluaukio"
543,Evening & weekend,24.837133,60.18483,Otaranta,22.0,Otaranta
545,Morning destination,24.829985,60.188499,Sähkömies,12.0,Sähkömies
547,Late-night residential,24.835033,60.188118,Jämeräntaival,30.0,Jämeräntaival
549,Balanced,24.810193,60.187529,Maarinranta,12.0,Maarinranta
551,Balanced,24.807083,60.189143,Tietäjä,20.0,Tietäjä
553,Balanced,24.806152,60.186731,Metsänneidonpolku,19.0,Metsänneidonpolku
555,Morning origin,24.804022,60.184765,Kalevalantie,21.0,Kalevalantie
557,Morning origin,24.796959,60.18715,Louhentori,16.0,Louhentori
559,Morning origin,24.794014,60.18288,Pohjankulma,25.0,Pohjankulma
561,Morning origin,24.78576,60.182976,Koivu-Mankkaa,23.0,Koivu-Mankkaa
563,Morning origin,24.780478,60.188706,Mankkaanlaaksontie,26.0,Mankkaanlaaksontie
565,Balanced,24.769021,60.194599,Mankkaanaukio,20.0,Mankkaanaukio
571,Evening & weekend,24.784654,60.177749,Tapiolan urheilupuisto,32.0,Tapiolan urheilupuisto
573,Evening & weekend,24.779428,60.17465,Urheilupuisto (M),28.0,Urheilupuisto (M)
575,Morning origin,24.769667,60.176107,Tontunmäentie,16.0,Tontunmäentie
577,Balanced,24.760606,60.180848,Olarinluoma,18.0,Olarinluoma
579,Morning origin,24.775913,60.171127,Niittymaa,21.0,Niittymaa
581,Evening & weekend,24.763184,60.170758,Niittykumpu (M),35.0,Niittykumpu (M)
583,Morning origin,24.772708,60.166481,Haukilahdenkatu,16.0,Haukilahdensolmu
585,Morning origin,24.775882,60.162396,Haukilahdenaukio,16.0,Haukilahdenaukio
587,Morning origin,24.767831,60.162477,Hauenkallio,12.0,Hauenkallio
589,Evening & weekend,24.769864,60.158048,Haukilahdenranta,16.0,Haukilahdenranta
591,Evening & weekend,24.773993,60.154941,Mellstenintie,25.0,Mellstenintie
593,Late-night residential,24.782477,60.1591405,Toppelundintie,12.0,Toppelundintie
595,Evening & weekend,24.791754,60.158194,Westendintie,16.0,Westendintie
596,Morning origin,24.7848628,60.1624471,Toppelundinportti,20.0,Toppelundinportti
597,Evening & weekend,24.790132,60.1637,Linnakepolku,10.0,Linnakepolku
601,Evening & weekend,24.754344,60.147974,Nokkala,18.0,Nokkala
603,Evening & weekend,24.754196,60.151041,Matinlahdenranta,20.0,Matinlahdenranta
607,Evening & weekend,24.741546,60.147921,Nuottaniementie,15.0,Nuottaniementie
609,Late-night residential,24.741234,60.152343,Sepetlahdentie,10.0,Sepetlahdentie
611,Morning origin,24.752489,60.156258,Matinkartanontie,21.0,Matinkartanontie
613,Morning origin,24.744978,60.155689,Matinkyläntie,15.0,Matinkyläntie
615,Morning origin,24.737664,60.156755,Tiistiläntie,24.0,Tiistiläntie
617,Morning origin,24.729112,60.153737,Tiistinkallio,12.0,Tiistinkallio
619,Morning origin,24.724835,60.160645,Etuniementie,10.0,Etuniementie
621,Morning origin,24.756272,60.161138,Hauenkalliontie,12.0,Hauenkalliontie
623,Balanced,24.74663,60.161588,Nelikkotie,16.0,Nelikkotie
625,Evening & weekend,24.741294,60.160015,Suomenlahdentie,32.0,Suomenlahdentie
626,Morning destination,,,,,Tynnyritie
627,Balanced,24.738416,60.162403,Piispansilta,44.0,Piispansilta
629,Balanced,24.732688,60.165603,Piispanportti,16.0,Piispanportti
631,Evening & weekend,24.721367,60.162842,Friisilänaukio,12.0,Friisilänaukio
633,Late-night residential,24.724908,60.168971,Avaruuskatu,16.0,Avaruuskatu
635,Late-night residential,24.726025,60.172673,Kuunkatu,24.0,Kuunkatu
637,Late-night residential,24.729314,60.174524,Ruomelantie,12.0,Ruomelantie
639,Morning origin,24.738122,60.174914,Itäportti,18.0,Itäportti
641,Late-night residential,24.735969,60.167216,Komeetankatu,16.0,Komeetankatu
643,Morning origin,24.731472,60.171548,Auringonkatu,20.0,Auringonkatu
645,Morning origin,24.743532,60.168441,Piispankallio,16.0,Piispankallio
647,Morning origin,24.745666,60.172814,Lystimäki,12.0,Lystimäki
649,Balanced,24.752442,60.17471,Lystimäensilta,15.0,Lystimäensilta
651,Morning origin,24.744131,60.184596,Suurpellonaukio,24.0,Suurpellonaukio
653,Morning origin,24.742571,60.187052,Lukutori,14.0,Lukutori
701,Evening & weekend,24.840699,60.206142,Gallen-Kallelan tie,10.0,Gallen-Kallelan tie
703,Balanced,24.8231,60.203852,Elfvik,10.0,Elfvik
705,Morning origin,24.80493,60.203892,Laajalahden keskus,19.0,Laajalahden keskus
707,Balanced,24.824954,60.210735,Majurinkulma,24.0,Majurinkulma
709,Balanced,24.819549,60.212508,Yhdyskunnankuja,20.0,Yhdyskunnankuja
710,Morning origin,,,,,Kössi Koskisen aukio
713,Balanced,24.819396,60.216067,Upseerinkatu,30.0,Upseerinkatu
715,Morning origin,24.821932,60.216222,Komentajankatu,12.0,Komentajankatu
716,Morning origin,,,,,Vermo
719,Morning destination,24.811572,60.213443,Säteri,32.0,Säteri
723,Morning origin,24.800486,60.214666,Säterinniitty,10.0,Säterinniitty
725,Morning origin,24.806279,60.217261,Rummunlyöjänkatu,20.0,Rummunlyöjänkatu
727,Balanced,24.812419,60.217311,Ratsutori,33.0,Ratsutori
729,Evening & weekend,24.813885,60.218869,Leppävaaranaukio,30.0,Leppävaaranaukio
731,Evening & weekend,24.813437,60.220254,Leppävaarankäytävä,21.0,Leppävaarankäytävä
733,Evening & weekend,24.813109,60.221019,Läkkitori,25.0,Läkkitori
735,Morning origin,24.818128,60.221781,Armas Launiksen katu,20.0,Mestarinkatu
737,Morning origin,24.812271,60.223769,Muurarinkuja,19.0,Muurarinkuja
739,Morning origin,24.826396,60.223827,Postipuun koulu,16.0,Postipuun koulu
741,Balanced,24.804898,60.222154,Gransinmäki,20.0,Gransinmäki
745,Evening & weekend,24.800971,60.224943,Leppävaaran urheilupuisto,32.0,Leppävaaran urheilupuisto
747,Evening & weekend,24.804735,60.226379,Leppävaaran uimahalli,18.0,Leppävaaran uimahalli
749,Morning origin,24.813871,60.228463,Vallikatu,24.0,Vallikatu
751,Morning origin,24.819614,60.227827,Vallipolku,20.0,Vallipolku
753,Morning origin,24.813954,60.234401,Linnuntie,24.0,Linnuntie
757,Morning origin,24.831397,60.235089,Painiitty,12.0,Painiitty
761,Evening & weekend,24.83939,60.220467,Mäkkylän asema,32.0,Mäkkylän asema
763,Late-night residential,24.833536,60.220551,Kalkkipellonmäki,24.0,Kalkkipellonmäki
767,Morning origin,24.820635,60.223377,Ruutikatu,10.0,Ruutikatu
768,Morning origin,,,,,Kurkijoentie
900,Morning destination,24.771826,60.180118,Orionintie,20.0,Orionintie
902,Morning destination,24.835356,60.209017,Derby Business Park,20.0,Derby Business Park
